{"cameraMode":{"drawMode":0,"name":"Shaded","section":"Shading Mode"},"sceneLighting":false,"audioPlay":false,"sceneViewState":{"m_AlwaysRefresh":true,"showFog":true,"showSkybox":false,"showFlares":true,"showImageEffects":true,"showParticleSystems":true,"showVisualEffectGraphs":true,"m_FxEnabled":true},"in2DMode":false,"pivot":{"x":0.13809002935886384,"y":2.1268677711486818,"z":4.192484378814697},"rotation":{"x":-0.03126240149140358,"y":-0.5912001132965088,"z":0.020312555134296418,"w":-0.8062959313392639},"size":0.2967893183231354,"orthographic":false}