{"cameraMode":{"drawMode":0,"name":"Shaded","section":"Shading Mode"},"sceneLighting":false,"audioPlay":false,"sceneViewState":{"m_AlwaysRefresh":true,"showFog":true,"showSkybox":false,"showFlares":true,"showImageEffects":true,"showParticleSystems":true,"showVisualEffectGraphs":true,"m_FxEnabled":true},"in2DMode":false,"pivot":{"x":-29.02637481689453,"y":1.7651808261871338,"z":-41.273712158203128},"rotation":{"x":-0.0038342115003615619,"y":-0.732822597026825,"z":-0.014245045371353627,"w":-0.6823214292526245},"size":0.3218763768672943,"orthographic":false}