{"cameraMode":{"drawMode":0,"name":"Shaded","section":"Shading Mode"},"sceneLighting":false,"audioPlay":false,"sceneViewState":{"m_AlwaysRefresh":true,"showFog":true,"showSkybox":false,"showFlares":true,"showImageEffects":true,"showParticleSystems":true,"showVisualEffectGraphs":true,"m_FxEnabled":true},"in2DMode":false,"pivot":{"x":-2.3577797412872316,"y":1.2848609685897828,"z":-0.7112533450126648},"rotation":{"x":-0.059030186384916309,"y":-0.8294845223426819,"z":0.08997241407632828,"w":-0.5498746633529663},"size":0.08090115338563919,"orthographic":false}