{"cameraMode":{"drawMode":0,"name":"Shaded","section":"Shading Mode"},"sceneLighting":false,"audioPlay":false,"sceneViewState":{"m_AlwaysRefresh":false,"showFog":false,"showSkybox":false,"showFlares":false,"showImageEffects":false,"showParticleSystems":false,"showVisualEffectGraphs":true,"m_FxEnabled":true},"in2DMode":false,"pivot":{"x":0.44782617688179018,"y":1.8779537677764893,"z":1.125137209892273},"rotation":{"x":0.011139237321913243,"y":0.9676592946052551,"z":-0.2534620463848114,"w":0.04015543311834335},"size":0.6534200310707092,"orthographic":false}