{"cameraMode":{"drawMode":0,"name":"Shaded","section":"Shading Mode"},"sceneLighting":false,"audioPlay":false,"sceneViewState":{"m_AlwaysRefresh":true,"showFog":true,"showSkybox":false,"showFlares":true,"showImageEffects":true,"showParticleSystems":true,"showVisualEffectGraphs":true,"m_FxEnabled":true},"in2DMode":false,"pivot":{"x":-29.157100677490236,"y":1.5167540311813355,"z":-41.48530197143555},"rotation":{"x":-0.019807914271950723,"y":0.960046648979187,"z":-0.25473877787590029,"w":-0.12600788474082948},"size":0.7577825784683228,"orthographic":false}