{"cameraMode":{"drawMode":0,"name":"Shaded","section":"Shading Mode"},"sceneLighting":false,"audioPlay":false,"sceneViewState":{"m_AlwaysRefresh":true,"showFog":true,"showSkybox":false,"showFlares":true,"showImageEffects":true,"showParticleSystems":true,"showVisualEffectGraphs":true,"m_FxEnabled":true},"in2DMode":false,"pivot":{"x":-2.138871908187866,"y":1.3548805713653565,"z":-1.1080588102340699},"rotation":{"x":-0.08426269143819809,"y":-0.08714918047189713,"z":0.005310836713761091,"w":-0.9931251406669617},"size":0.10517790168523789,"orthographic":false}