{"cameraMode":{"drawMode":0,"name":"Shaded","section":"Shading Mode"},"sceneLighting":false,"audioPlay":false,"sceneViewState":{"m_AlwaysRefresh":true,"showFog":true,"showSkybox":false,"showFlares":true,"showImageEffects":true,"showParticleSystems":true,"showVisualEffectGraphs":true,"m_FxEnabled":true},"in2DMode":false,"pivot":{"x":-2.5498769283294679,"y":1.3950748443603516,"z":-0.6468818783760071},"rotation":{"x":-0.23260237276554109,"y":-0.6766541004180908,"z":0.23945210874080659,"w":-0.6569198369979858},"size":0.0410042405128479,"orthographic":false}