{"cameraMode":{"drawMode":0,"name":"Shaded","section":"Shading Mode"},"sceneLighting":false,"audioPlay":false,"sceneViewState":{"m_AlwaysRefresh":true,"showFog":true,"showSkybox":false,"showFlares":true,"showImageEffects":true,"showParticleSystems":true,"showVisualEffectGraphs":true,"m_FxEnabled":true},"in2DMode":false,"pivot":{"x":-1.9644521474838257,"y":1.5102779865264893,"z":-1.4008705615997315},"rotation":{"x":-0.11481111496686936,"y":0.04708760604262352,"z":-0.007553925272077322,"w":-0.9929755926132202},"size":0.08090115338563919,"orthographic":false}